{"reversal_5": 0.3659876783353657, "ps_inv": 0.6340123216646343}