{"pb_inv": 0.4046030134711149, "ps_inv": 0.35760396446254455, "pe_inv": 0.23779302206634045}