{"reversal_5": 0.13298997125220974, "pb_inv": 0.15808793466285442, "ps_inv": 0.35359181072522, "pe_inv": 0.3553302833597159}