{"reversal_5": 0.11843132629495909, "pb_inv": 0.39840300161607783, "ps_inv": 0.3212825239760146, "pe_inv": 0.1618831481129486}