{"reversal_5": 0.24958913834004878, "pb_inv": 0.1882776815883832, "ps_inv": 0.2658064325819438, "pe_inv": 0.2963267474896241}