{"reversal_5": 0.0830969599664542, "pb_inv": 0.19185049158815312, "ps_inv": 0.31596180262356893, "pe_inv": 0.40909074582182364}